FW_WING,,REAR_WING,
X,Y,X,Y
2.468014857614527,301.23185415133946,2.710796892102854,40.79832762116666
10.595560659620663,154.834107915089,6.5308905596727005,24.560821116474358
17.087692224873944,79.38326544527973,13.039171705934073,11.60885714798394
22.1439465987188,47.08769222487393,19.342712052970626,6.310000179439726
23.59094905704391,46.98720594304575,23.06339607744621,5.357174899962274
26.481185738125568,32.20316172908173,24.716036533941036,1.0757415349279427
43.216817097023096,-0.9034793375083723,,
