Gage1,,Gage2,,Gage3,
X,Y,X,Y,X,Y
10.247541364446306,-0.0004065460364989226,5.136676905603963,-0.001251903667948695,-0.025812446761619867,0.0004194522598797157
40.60297875635638,0.019765881107870253,97.06340397339613,0.017320151777186932,40.5857704585153,0.020604785627629685
96.39228035758856,0.050037428047804644,255.3625358147699,0.05023747451020888,147.6902162222625,0.049263054644949844
111.31187458592535,0.07270720941638054,357.47657520456346,0.07217805425776302,218.9841941784332,0.07368162928163957
-4.121387332971835,0.20007872796262355,1011.3058516816816,0.19800082599829638,949.7173537079586,0.20044010221728914
-562.1004448344991,0.4015577811620764,1955.852111888353,0.4013706409230531,2381.482150693065,0.40190624919336104
