VF,
X,Y
2.521026474772295,25.974947807933194
5.010135422247677,23.908141962421713
7.513581022410258,21.96659707724426
10.002778650211539,19.962421711899793
