Gage1,,Gage2,,Gage3,
X,Y,X,Y,X,Y
10.181827376725096,-0.0010967800392355231,6.357320611668229,-0.00027287803089537377,2.5454568441814445,-0.0002781459465497349
59.44526740993456,0.018042611116144802,135.6698997621006,0.018977139353226313,25.11320750741197,0.019653539723244684
112.33092624707342,0.04962481904709726,318.15892669379286,0.0507384564164266,58.96483350225776,0.04955106822793631
145.8791203002288,0.09942242572765708,603.3280583937915,0.09839623575819001,123.00793769530787,0.09939081823373103
-30.996415710189012,0.19950966241089313,1127.8228126033825,0.20028193884582074,308.25945959614046,0.19997850690413016
-238.35421886293125,0.29872558584489983,1503.6928088736984,0.2994746834509483,543.0778534718722,0.29980550855404137
-548.6576297329589,0.3994576154042282,1810.92397133411,0.40023094542228665,789.3318386500653,0.3996483139509156
