Removed_Case,,Fixed_Case,,F10,,F30,
X,Y,X,Y,X,Y,X,Y
0.04999999999999982,270.5479452054794,-0.10000000000000053,81.33561643835611,0,174.65753424657532,0,202.0547945205479
10.000000000000004,343.32191780821915,10.000000000000004,117.29452054794513,9.95,226.88356164383555,9.850000000000001,265.4109589041095
20.000000000000004,411.81506849315065,20.000000000000004,141.2671232876712,20.050000000000004,279.9657534246575,20.000000000000004,322.77397260273966
29.950000000000006,471.7465753424657,29.950000000000006,153.2534246575342,30.100000000000005,315.92465753424653,29.950000000000006,387.8424657534246
