Fintan_Model,
X,Y
34.415301656062454,-20.1573033707865
29.035016470375883,-9.64044943820224
26.16544831009431,0.06741573033708192
24.550674608546544,10.044943820224724
23.68868733360408,20.29213483146068
