VF_VS_TAB_ANGLE,
X,Y
22.69210770239414,20.157303370786508
23.241245224153914,15.16853932584269
24.092419686659284,10.449438202247187
24.84265141410259,5.325842696629213
25.743788574141476,0.20224719101123156
27.14783080505505,-5.056179775280903
28.049081002871162,-10.044943820224724
29.2021793683449,-14.629213483146067
30.656410372346436,-20.02247191011235
