FW_bending_moment,
X,Y
2.732729477948957,368.1907563675776
10.590075094836259,207.87489355113416
16.64514464142861,106.08655260509403
21.912828056050166,57.084462336455886
26.48045211736471,32.46574281954014
40,0
